Compare,no abs,speed actual dir
no abs,1.0,1.233816146850586e-05
speed actual dir,1.233816146850586e-05,1.0
