Compare,no abs,speed actual dir
no abs,1.0,1.788139343261719e-07
speed actual dir,1.788139343261719e-07,1.0
