Compare,no abs,speed actual dir
no abs,1.0,0.0851390361785888
speed actual dir,0.0851390361785888,1.0
