Compare,no abs,speed actual dir
no abs,1.0,5.960464477539064e-08
speed actual dir,5.960464477539064e-08,1.0
