Compare,no abs,speed actual dir
no abs,1.0,0.2996123433113098
speed actual dir,0.2996123433113098,1.0
