Compare,no abs,speed actual dir
no abs,1.0,1.132488250732422e-06
speed actual dir,1.132488250732422e-06,1.0
