Compare,no abs,speed actual dir
no abs,1.0,0.7711594104766846
speed actual dir,0.7711594104766846,1.0
