Compare,no abs,speed actual dir
no abs,1.0,0.2675909425895998
speed actual dir,0.2675909425895998,1.0
