Compare,no abs,speed actual dir
no abs,1.0,7.142846790191389e-08
speed actual dir,7.142846790191389e-08,1.0
