Compare,no abs,speed actual dir
no abs,1.0,6.365776062011719e-05
speed actual dir,6.365776062011719e-05,1.0
