Compare,no abs,speed actual dir
no abs,1.0,0.0135435655001786
speed actual dir,0.0135435655001786,1.0
