Compare,no abs,speed actual dir
no abs,1.0,2.5714409292070104e-06
speed actual dir,2.5714409292070104e-06,1.0
