Compare,no abs,speed actual dir
no abs,1.0,0.0230838810816755
speed actual dir,0.0230838810816755,1.0
