Compare,no abs,speed actual dir
no abs,1.0,4.102397977675773e-07
speed actual dir,4.102397977675773e-07,1.0
