Compare,no abs,speed actual dir
no abs,1.0,0.3525196313858032
speed actual dir,0.3525196313858032,1.0
