Compare,no abs,speed actual dir
no abs,1.0,2.2967213940445122e-08
speed actual dir,2.2967213940445122e-08,1.0
