Compare,no abs,speed actual dir
no abs,1.0,1.8141066484846008e-06
speed actual dir,1.8141066484846008e-06,1.0
