Compare,no abs,speed actual dir
no abs,1.0,6.184081165152868e-08
speed actual dir,6.184081165152868e-08,1.0
