Compare,no abs,speed actual dir
no abs,1.0,0.0711584333345031
speed actual dir,0.0711584333345031,1.0
