Compare,no abs,speed actual dir
no abs,1.0,0.0130074666079586
speed actual dir,0.0130074666079586,1.0
