Compare,no abs,speed actual dir
no abs,1.0,0.0016730747221523
speed actual dir,0.0016730747221523,1.0
