Compare,no abs,speed actual dir
no abs,1.0,0.0003958170582658
speed actual dir,0.0003958170582658,1.0
