Compare,no abs,speed actual dir
no abs,1.0,0.0006313323974609
speed actual dir,0.0006313323974609,1.0
