Compare,no abs,speed actual dir
no abs,1.0,4.172325134277344e-07
speed actual dir,4.172325134277344e-07,1.0
