Compare,no abs,speed actual dir
no abs,1.0,0.2521039247512817
speed actual dir,0.2521039247512817,1.0
