Compare,no abs,speed actual dir
no abs,1.0,0.1073147058486938
speed actual dir,0.1073147058486938,1.0
