Compare,no abs,speed actual dir
no abs,1.0,0.4263129132398596
speed actual dir,0.4263129132398596,1.0
