Compare,no abs,speed actual dir
no abs,1.0,2.5742151889055173e-09
speed actual dir,2.5742151889055173e-09,1.0
