Compare,no abs,speed actual dir
no abs,1.0,0.6915188431739807
speed actual dir,0.6915188431739807,1.0
