Compare,no abs,speed actual dir
no abs,1.0,0.1199337840080261
speed actual dir,0.1199337840080261,1.0
