Compare,no abs,speed actual dir
no abs,1.0,0.0058134855798821
speed actual dir,0.0058134855798821,1.0
