Compare,no abs,speed actual dir
no abs,1.0,0.0002820942527692
speed actual dir,0.0002820942527692,1.0
