Compare,no abs,speed actual dir
no abs,1.0,0.5336872124367453
speed actual dir,0.5336872124367453,1.0
