Compare,no abs,speed actual dir
no abs,1.0,0.4720700263109124
speed actual dir,0.4720700263109124,1.0
