Compare,no abs,speed actual dir
no abs,1.0,0.0737369378877037
speed actual dir,0.0737369378877037,1.0
