Compare,no abs,speed actual dir
no abs,1.0,0.0041751861572265
speed actual dir,0.0041751861572265,1.0
