Compare,no abs,speed actual dir
no abs,1.0,0.0366820693016052
speed actual dir,0.0366820693016052,1.0
