Compare,no abs,speed actual dir
no abs,1.0,0.6687302713588892
speed actual dir,0.6687302713588892,1.0
