Compare,no abs,speed actual dir
no abs,1.0,0.0103397134519781
speed actual dir,0.0103397134519781,1.0
