Compare,no abs,speed actual dir
no abs,1.0,0.1817298531532287
speed actual dir,0.1817298531532287,1.0
