Compare,no abs,speed actual dir
no abs,1.0,0.0592125879728621
speed actual dir,0.0592125879728621,1.0
