Compare,no abs,speed actual dir
no abs,1.0,3.7636998002136936e-05
speed actual dir,3.7636998002136936e-05,1.0
