Compare,no abs,speed actual dir
no abs,1.0,0.0229223856982064
speed actual dir,0.0229223856982064,1.0
