Compare,no abs,speed actual dir
no abs,1.0,3.2782554626464844e-06
speed actual dir,3.2782554626464844e-06,1.0
