Compare,no abs,speed actual dir
no abs,1.0,0.7309892177581787
speed actual dir,0.7309892177581787,1.0
