Compare,no abs,speed actual dir
no abs,1.0,0.3387878537178039
speed actual dir,0.3387878537178039,1.0
