Compare,no abs,speed actual dir
no abs,1.0,0.0005564093589782
speed actual dir,0.0005564093589782,1.0
