Compare,no abs,speed actual dir
no abs,1.0,4.4598125107340234e-08
speed actual dir,4.4598125107340234e-08,1.0
