Compare,no abs,speed actual dir
no abs,1.0,0.0083203092261884
speed actual dir,0.0083203092261884,1.0
