Compare,no abs,speed actual dir
no abs,1.0,0.8739878535270691
speed actual dir,0.8739878535270691,1.0
