Compare,no abs,speed actual dir
no abs,1.0,1.590012803451361e-05
speed actual dir,1.590012803451361e-05,1.0
