Compare,no abs,speed actual dir
no abs,1.0,1.0098193526684172e-05
speed actual dir,1.0098193526684172e-05,1.0
