Compare,no abs,speed actual dir
no abs,1.0,0.4717495438686705
speed actual dir,0.4717495438686705,1.0
