Compare,no abs,speed actual dir
no abs,1.0,0.0002810455905329
speed actual dir,0.0002810455905329,1.0
