Compare,no abs,speed actual dir
no abs,1.0,2.028844528419201e-09
speed actual dir,2.028844528419201e-09,1.0
