Compare,no abs,speed actual dir
no abs,1.0,0.0002645614741182
speed actual dir,0.0002645614741182,1.0
