Compare,no abs,speed actual dir
no abs,1.0,4.5418739318847656e-05
speed actual dir,4.5418739318847656e-05,1.0
