Compare,no abs,speed actual dir
no abs,1.0,0.0378842454357326
speed actual dir,0.0378842454357326,1.0
