Compare,no abs,speed actual dir
no abs,1.0,8.189747564868397e-05
speed actual dir,8.189747564868397e-05,1.0
