Compare,no abs,speed actual dir
no abs,1.0,7.552259298151555e-05
speed actual dir,7.552259298151555e-05,1.0
