Compare,no abs,speed actual dir
no abs,1.0,0.2278655204307863
speed actual dir,0.2278655204307863,1.0
