Compare,no abs,speed actual dir
no abs,1.0,0.0135546922683715
speed actual dir,0.0135546922683715,1.0
