Compare,no abs,speed actual dir
no abs,1.0,0.7111607789993286
speed actual dir,0.7111607789993286,1.0
