Compare,no abs,speed actual dir
no abs,1.0,0.0012780072258254
speed actual dir,0.0012780072258254,1.0
