Compare,no abs,speed actual dir
no abs,1.0,0.0022986147530203
speed actual dir,0.0022986147530203,1.0
