Compare,no abs,speed actual dir
no abs,1.0,3.6594983828822505e-07
speed actual dir,3.6594983828822505e-07,1.0
