Compare,no abs,speed actual dir
no abs,1.0,0.0016578720917543
speed actual dir,0.0016578720917543,1.0
