Compare,no abs,speed actual dir
no abs,1.0,0.0004063791973664
speed actual dir,0.0004063791973664,1.0
