Compare,no abs,speed actual dir
no abs,1.0,0.0421501994132995
speed actual dir,0.0421501994132995,1.0
