Compare,no abs,speed actual dir
no abs,1.0,0.0159729719161987
speed actual dir,0.0159729719161987,1.0
