Compare,no abs,speed actual dir
no abs,1.0,0.0515762567520141
speed actual dir,0.0515762567520141,1.0
