Compare,no abs,speed actual dir
no abs,1.0,0.0587515234947204
speed actual dir,0.0587515234947204,1.0
