Compare,no abs,speed actual dir
no abs,1.0,0.5601714849472046
speed actual dir,0.5601714849472046,1.0
