Compare,no abs,speed actual dir
no abs,1.0,0.0229026391768568
speed actual dir,0.0229026391768568,1.0
