Compare,no abs,speed actual dir
no abs,1.0,0.8948604464530945
speed actual dir,0.8948604464530945,1.0
