Compare,no abs,speed actual dir
no abs,1.0,0.0593351324096678
speed actual dir,0.0593351324096678,1.0
