Compare,no abs,speed actual dir
no abs,1.0,0.0255050659179687
speed actual dir,0.0255050659179687,1.0
