Compare,no abs,speed actual dir
no abs,1.0,0.0055788159370422
speed actual dir,0.0055788159370422,1.0
