Compare,no abs,speed actual dir
no abs,1.0,0.1336400508880615
speed actual dir,0.1336400508880615,1.0
