Compare,no abs,speed actual dir
no abs,1.0,0.2199863791465759
speed actual dir,0.2199863791465759,1.0
