Compare,no abs,speed actual dir
no abs,1.0,0.0274794101715087
speed actual dir,0.0274794101715087,1.0
