Compare,no abs,speed actual dir
no abs,1.0,0.0236499309539794
speed actual dir,0.0236499309539794,1.0
