Compare,no abs,speed actual dir
no abs,1.0,0.2634761333465576
speed actual dir,0.2634761333465576,1.0
