Compare,no abs,speed actual dir
no abs,1.0,3.783219813692823e-05
speed actual dir,3.783219813692823e-05,1.0
