Compare,no abs,speed actual dir
no abs,1.0,0.1107418637545205
speed actual dir,0.1107418637545205,1.0
