Compare,no abs,speed actual dir
no abs,1.0,0.1615638598713606
speed actual dir,0.1615638598713606,1.0
