Compare,no abs,speed actual dir
no abs,1.0,0.0007149577140808
speed actual dir,0.0007149577140808,1.0
