Compare,no abs,speed actual dir
no abs,1.0,0.0742512283432617
speed actual dir,0.0742512283432617,1.0
