Compare,no abs,speed actual dir
no abs,1.0,5.960464477539062e-07
speed actual dir,5.960464477539062e-07,1.0
