Compare,no abs,speed actual dir
no abs,1.0,0.9689976489323636
speed actual dir,0.9689976489323636,1.0
