Compare,no abs,speed actual dir
no abs,1.0,0.9689782276019688
speed actual dir,0.9689782276019688,1.0
